{"cameraMode":{"drawMode":0,"name":"Shaded","section":"Shading Mode"},"sceneLighting":false,"audioPlay":false,"sceneViewState":{"m_AlwaysRefresh":false,"showFog":true,"showSkybox":false,"showFlares":true,"showImageEffects":true,"showParticleSystems":true,"showVisualEffectGraphs":true,"m_FxEnabled":true},"in2DMode":false,"pivot":{"x":-29.748769760131837,"y":1.422000765800476,"z":0.062403202056884769},"rotation":{"x":-0.18214067816734315,"y":-0.13025595247745515,"z":0.024349799379706384,"w":-0.9743045568466187},"size":2.8606598377227785,"orthographic":false}