{"cameraMode":{"drawMode":0,"name":"Shaded","section":"Shading Mode"},"sceneLighting":true,"audioPlay":false,"sceneViewState":{"m_AlwaysRefresh":false,"showFog":false,"showSkybox":true,"showFlares":true,"showImageEffects":true,"showParticleSystems":true,"showVisualEffectGraphs":true,"m_FxEnabled":true},"in2DMode":false,"pivot":{"x":131.6561737060547,"y":150.3980712890625,"z":76.73361206054688},"rotation":{"x":-0.058064255863428119,"y":0.0568695031106472,"z":0.0033067723270505668,"w":0.9966935515403748},"size":210.82566833496095,"orthographic":false}